id,first_name,last_name,email,sales_amount,state
1,Osbourne,Gillions,ogillions0@feedburner.com,31.94,Florida
2,Glynn,Friett,gfriett1@blog.com,12.46,California
3,Jori,Blockley,jblockley2@unesco.org,191.14,Colorado
4,Garald,Dorian,gdorian3@webeden.co.uk,126.58,Texas
5,Mercy,Pilkington,mpilkington4@jugem.jp,68.32,Florida
6,Elle,McConachie,emcconachie5@census.gov,76.91,Texas
7,Ryun,Snadden,rsnadden6@senate.gov,53.27,Oregon
8,Chelsea,Westrope,cwestrope7@posterous.com,109.16,Texas
9,Jack,Thexton,jthexton8@buzzfeed.com,46.63,District of Columbia
10,Jude,Marczyk,jmarczyk9@youku.com,17.46,New York
11,Rafaello,Terren,rterrena@nyu.edu,84.72,Arkansas
12,Matteo,Dafydd,mdafyddb@addthis.com,75.96,Louisiana
13,Inesita,Ruggiero,iruggieroc@google.de,55.8,Colorado
14,Bald,Zanini,bzaninid@theatlantic.com,31.25,Florida
15,Wiatt,Ximenez,wximeneze@slideshare.net,94.3,New York
16,Elyssa,Jurisic,ejurisicf@opera.com,82.57,Arizona
17,Averell,Kingcote,akingcoteg@yolasite.com,174.9,New Jersey
18,Cherey,Piccop,cpiccoph@arstechnica.com,247.45,Texas
19,Elroy,Hawkeridge,ehawkeridgei@behance.net,23.2,Texas
20,Shaina,Fawlks,sfawlksj@cornell.edu,195.58,Colorado
21,Caron,Southward,csouthwardk@ning.com,171.18,New York
22,Dawn,Dongles,ddonglesl@gnu.org,67.95,Georgia
23,Lara,Quinet,lquinetm@prlog.org,241.44,California
24,Abba,Gayler,agaylern@squidoo.com,11.24,Missouri
25,Emelda,Dodgshun,edodgshuno@simplemachines.org,8.72,Illinois
26,Coralie,Exley,cexleyp@seattletimes.com,240.72,California
27,Dennison,Spellsworth,dspellsworthq@sciencedaily.com,56.04,Ohio
28,Antons,Spalls,aspallsr@mozilla.org,186.7,Florida
29,Josephine,Mapson,jmapsons@surveymonkey.com,208.68,California
30,Muhammad,Grolle,mgrollet@bizjournals.com,223.36,Connecticut
31,Annabal,Whardley,awhardleyu@nhs.uk,89.66,Nevada
32,Clerkclaude,Magarrell,cmagarrellv@symantec.com,7.16,Pennsylvania
33,Worthington,Jedras,wjedrasw@sourceforge.net,66.75,Florida
34,Gaile,Chateau,gchateaux@princeton.edu,35.41,California
35,Lavena,Redsall,lredsally@dropbox.com,9.09,Texas
36,Charleen,Littledyke,clittledykez@angelfire.com,7.88,Florida
37,Alwyn,Aberhart,aaberhart10@army.mil,140.41,Illinois
38,Tripp,Deem,tdeem11@feedburner.com,76.55,New York
39,Phaidra,Lancashire,plancashire12@howstuffworks.com,231.73,New Jersey
40,Adelle,Haggus,ahaggus13@unblog.fr,24.96,Texas
41,Shirleen,Croutear,scroutear14@shareasale.com,145.52,Texas
42,Wallache,Trenoweth,wtrenoweth15@1688.com,66.91,New York
43,Ham,Germon,hgermon16@instagram.com,206.95,Michigan
44,Agnella,Dungate,adungate17@blogs.com,157.31,California
45,Janine,Lusher,jlusher18@examiner.com,163.0,Nevada
46,Asa,Elesander,aelesander19@economist.com,39.76,Alaska
47,Marguerite,Firby,mfirby1a@taobao.com,225.8,Arizona
48,Raven,Brendish,rbrendish1b@i2i.jp,119.39,Arizona
49,Stephi,Scotchmur,sscotchmur1c@patch.com,89.81,Ohio
50,Jervis,Trye,jtrye1d@ucoz.ru,71.48,New Mexico
51,Oran,Huntly,ohuntly1e@addtoany.com,19.45,Minnesota
52,Pierette,Whiteway,pwhiteway1f@cbc.ca,75.45,Pennsylvania
53,Alexandros,Faichney,afaichney1g@furl.net,232.68,Texas
54,Morton,Sibbit,msibbit1h@ft.com,146.2,Tennessee
55,Tamar,Major,tmajor1i@gizmodo.com,45.98,Tennessee
56,Morrie,Hellwing,mhellwing1j@loc.gov,72.62,Missouri
57,Laurie,Mumbray,lmumbray1k@seesaa.net,129.0,Georgia
58,Carolynn,Egerton,cegerton1l@ibm.com,160.18,Minnesota
59,Fanny,Marquet,fmarquet1m@skyrock.com,71.76,Florida
60,Carola,Bernhardi,cbernhardi1n@sogou.com,93.34,Florida
61,Tootsie,Dowbakin,tdowbakin1o@123-reg.co.uk,77.48,Wisconsin
62,Dolorita,Tumility,dtumility1p@illinois.edu,117.51,New York
63,Aindrea,Scoullar,ascoullar1q@pcworld.com,53.26,Alabama
64,Eddy,Fraczak,efraczak1r@soundcloud.com,147.64,Massachusetts
65,Nanci,Revey,nrevey1s@noaa.gov,140.45,West Virginia
66,Sella,Huerta,shuerta1t@tuttocitta.it,37.69,New York
67,Ariella,Lloyd-Williams,alloydwilliams1u@shop-pro.jp,218.58,California
68,Rolland,Gohn,rgohn1v@cdc.gov,131.03,California
69,Wolf,Neale,wneale1w@google.co.jp,44.6,California
70,Ariella,Hughes,ahughes1x@spiegel.de,129.98,New York
71,Tessie,Mollin,tmollin1y@macromedia.com,133.71,Utah
72,Darlleen,Cardenas,dcardenas1z@nationalgeographic.com,150.99,Pennsylvania
73,Orbadiah,Kenway,okenway20@bloglines.com,119.3,Minnesota
74,Tanner,Wyatt,twyatt21@symantec.com,141.04,Ohio
75,Oren,Akroyd,oakroyd22@skype.com,135.89,Connecticut
76,Lloyd,Woolveridge,lwoolveridge23@census.gov,83.4,California
77,Manuel,Shortin,mshortin24@usa.gov,231.93,New York
78,Joellen,Lahy,jlahy25@unesco.org,207.51,Connecticut
79,Doreen,Visco,dvisco26@cargocollective.com,162.62,Texas
80,Melesa,De la Yglesia,mdelayglesia27@dedecms.com,37.27,New York
81,Sargent,Pattesall,spattesall28@google.cn,47.61,Texas
82,Gunther,Barosch,gbarosch29@engadget.com,76.06,District of Columbia
83,Siana,Bathoe,sbathoe2a@prlog.org,10.61,Tennessee
84,Albertine,Tabary,atabary2b@nationalgeographic.com,231.53,North Carolina
85,Chrysa,Reddoch,creddoch2c@naver.com,160.81,California
86,Kippar,Hatchette,khatchette2d@ustream.tv,165.8,California
87,Thornton,Sywell,tsywell2e@google.co.uk,62.48,Massachusetts
88,Aurilia,Blest,ablest2f@pen.io,146.09,District of Columbia
89,Jacquenetta,Bilston,jbilston2g@ca.gov,188.42,California
90,Everard,Hawyes,ehawyes2h@webmd.com,195.55,District of Columbia
91,Fielding,Hairyes,fhairyes2i@php.net,145.06,Michigan
92,Stevena,O'Canavan,socanavan2j@blog.com,76.6,Massachusetts
93,Dael,Cubuzzi,dcubuzzi2k@meetup.com,9.42,Missouri
94,Krispin,Surby,ksurby2l@chron.com,166.03,Tennessee
95,Porty,Walthall,pwalthall2m@gnu.org,151.73,New Jersey
96,Frasco,Samwaye,fsamwaye2n@goodreads.com,42.93,Louisiana
97,Gottfried,Screen,gscreen2o@networkadvertising.org,108.88,Georgia
98,Catha,Fetters,cfetters2p@youtu.be,166.6,Missouri
99,Bat,Crayke,bcrayke2q@reuters.com,148.46,Tennessee
100,Joellen,Rosberg,jrosberg2r@biblegateway.com,136.96,New York
101,Steffane,Vila,svila2s@mozilla.org,32.07,Missouri
102,Chuck,Leathe,cleathe2t@goodreads.com,7.58,North Carolina
103,Suzi,Addionizio,saddionizio2u@marriott.com,243.11,Ohio
104,Tony,Moggach,tmoggach2v@bloomberg.com,163.78,Georgia
105,Jewell,Poge,jpoge2w@bloomberg.com,39.98,Pennsylvania
106,Camilla,Delmonti,cdelmonti2x@seesaa.net,178.82,California
107,Rozele,Scroyton,rscroyton2y@umich.edu,69.34,Arkansas
108,Eberhard,Dytham,edytham2z@cdc.gov,82.63,New Mexico
109,Addy,Tanfield,atanfield30@odnoklassniki.ru,106.26,Connecticut
110,Micah,Mewes,mmewes31@loc.gov,66.24,California
111,Helene,Screwton,hscrewton32@blogspot.com,146.68,Georgia
112,Hugibert,Brownlea,hbrownlea33@chronoengine.com,221.56,Kansas
113,Chauncey,Polly,cpolly34@globo.com,136.12,Ohio
114,Katharina,Timoney,ktimoney35@loc.gov,230.76,Oklahoma
115,Moria,Woolager,mwoolager36@dailymail.co.uk,184.52,Iowa
116,Florrie,Baxstar,fbaxstar37@google.de,179.89,Texas
117,Tomasine,Lacotte,tlacotte38@g.co,46.44,Virginia
118,Dyana,Jimenez,djimenez39@friendfeed.com,72.83,District of Columbia
119,Karlotta,Cappel,kcappel3a@webs.com,106.92,New York
120,Gawain,Hairs,ghairs3b@opensource.org,226.11,Delaware
121,Carla,Frankel,cfrankel3c@discuz.net,65.23,Ohio
122,Bernadina,Bertome,bbertome3d@last.fm,93.07,Georgia
123,Joey,Maty,jmaty3e@feedburner.com,71.74,Florida
124,Dari,Pegg,dpegg3f@amazon.co.jp,33.6,Arkansas
125,Renato,Gritsaev,rgritsaev3g@sciencedaily.com,240.87,Nevada
126,Venus,Sexton,vsexton3h@diigo.com,113.94,Arkansas
127,Adrea,Persitt,apersitt3i@exblog.jp,171.91,Michigan
128,Osbourn,Week,oweek3j@foxnews.com,234.86,Missouri
129,Shawn,Gilbanks,sgilbanks3k@jiathis.com,187.49,New York
130,Cecile,Baldacchi,cbaldacchi3l@chronoengine.com,50.26,Texas
131,Janie,Peat,jpeat3m@ifeng.com,191.66,California
132,Gordon,Gimson,ggimson3n@si.edu,98.41,Oklahoma
133,Catharine,Mitchelmore,cmitchelmore3o@feedburner.com,190.57,Tennessee
134,Laurice,Malamore,lmalamore3p@sciencedirect.com,43.52,Illinois
135,Shawn,Caslake,scaslake3q@europa.eu,184.81,Washington
136,Doti,Vannoort,dvannoort3r@phpbb.com,91.1,Texas
137,Debra,Halleday,dhalleday3s@google.com,203.11,California
138,Pete,Caulton,pcaulton3t@washingtonpost.com,66.35,Texas
139,Barrett,Dafydd,bdafydd3u@amazon.de,207.65,California
140,Fulton,Katte,fkatte3v@imgur.com,206.79,Colorado
141,Jobey,Bonsul,jbonsul3w@quantcast.com,56.27,Colorado
142,Bev,Scroggie,bscroggie3x@mayoclinic.com,15.62,New Mexico
143,Maryann,Hadwen,mhadwen3y@seattletimes.com,65.47,Louisiana
144,Nickolai,Yves,nyves3z@liveinternet.ru,179.14,Missouri
145,Angelika,Waple,awaple40@fotki.com,86.17,Connecticut
146,Sibylle,Oylett,soylett41@ft.com,168.13,New York
147,Heida,Danilevich,hdanilevich42@disqus.com,88.23,California
148,Edvard,Lough,elough43@xrea.com,158.67,California
149,Dixie,Kertess,dkertess44@java.com,215.73,Iowa
150,Carver,Skepper,cskepper45@booking.com,46.14,District of Columbia
151,Hersh,Newborn,hnewborn46@digg.com,139.67,California
152,Tammy,Boord,tboord47@paginegialle.it,125.9,Louisiana
153,Bren,Kenefick,bkenefick48@tripadvisor.com,28.2,Alabama
154,Fayette,Antonias,fantonias49@msn.com,216.33,Virginia
155,Hally,Jakubovski,hjakubovski4a@themeforest.net,17.96,Illinois
156,Franklyn,McBlain,fmcblain4b@foxnews.com,238.25,Arizona
157,Natalya,Starzaker,nstarzaker4c@webmd.com,108.5,Minnesota
158,Lloyd,Cawood,lcawood4d@netscape.com,96.8,Oregon
159,Rickard,Chase,rchase4e@is.gd,76.94,Oklahoma
160,Riki,Van De Cappelle,rvandecappelle4f@storify.com,134.28,Illinois
161,Hester,Downey,hdowney4g@springer.com,114.26,Maryland
162,Kitty,Plunkett,kplunkett4h@telegraph.co.uk,138.59,Texas
163,Ibrahim,Manhare,imanhare4i@epa.gov,39.95,Texas
164,Amalea,Coveny,acoveny4j@csmonitor.com,197.23,Arizona
165,Beatrice,Jeannequin,bjeannequin4k@chron.com,246.61,Missouri
166,Katlin,Creffeild,kcreffeild4l@berkeley.edu,14.36,Arizona
167,Elijah,Jeske,ejeske4m@fc2.com,229.8,New York
168,Michelle,Sartain,msartain4n@mayoclinic.com,83.71,New York
169,Anthea,Devin,adevin4o@icio.us,174.71,Alaska
170,Jaquith,Ewbanks,jewbanks4p@xrea.com,149.75,California
171,Hilton,Chapple,hchapple4q@studiopress.com,45.06,Florida
172,Michele,Rathbone,mrathbone4r@comsenz.com,233.34,California
173,Rorie,Neenan,rneenan4s@reuters.com,21.72,Oklahoma
174,Beatrix,Casa,bcasa4t@narod.ru,49.47,California
175,Cad,Jeste,cjeste4u@disqus.com,208.32,Virginia
176,Horatius,Roscamps,hroscamps4v@seattletimes.com,181.22,Indiana
177,Shea,Enos,senos4w@flavors.me,63.36,California
178,Anjela,Trevithick,atrevithick4x@yellowbook.com,36.31,Tennessee
179,Casie,Rigmand,crigmand4y@princeton.edu,83.84,Hawaii
180,Courtenay,Salway,csalway4z@ucla.edu,178.04,Texas
181,Merwin,Rump,mrump50@google.de,190.26,New York
182,Maximilianus,Kristiansen,mkristiansen51@google.ru,119.43,Maryland
183,Alfredo,Muirhead,amuirhead52@xrea.com,205.6,Texas
184,Brandice,Sterricker,bsterricker53@xinhuanet.com,144.32,Georgia
185,Thaxter,McRoberts,tmcroberts54@ask.com,98.07,Virginia
186,Waring,Western,wwestern55@51.la,94.45,Illinois
187,Darrelle,Flucker,dflucker56@flavors.me,7.02,New York
188,Lee,Tegeller,ltegeller57@dyndns.org,183.89,Texas
189,Barris,Crole,bcrole58@phoca.cz,98.27,Alabama
190,Bord,Dormand,bdormand59@chronoengine.com,123.25,Alabama
191,Juana,Espinoza,jespinoza5a@wikia.com,173.22,Ohio
192,Ethe,McCusker,emccusker5b@123-reg.co.uk,229.71,District of Columbia
193,Ann,Moggle,amoggle5c@github.com,224.26,Louisiana
194,Pandora,Camili,pcamili5d@cafepress.com,146.66,California
195,Archy,Poltun,apoltun5e@discovery.com,163.98,Alabama
196,Cal,Hambrook,chambrook5f@shop-pro.jp,201.96,Tennessee
197,Tedman,des Remedios,tdesremedios5g@apache.org,165.31,Texas
198,Daryle,Rintoul,drintoul5h@timesonline.co.uk,121.92,Illinois
199,Ruby,Regorz,rregorz5i@reverbnation.com,120.92,Virginia
200,Ethelda,Speares,espeares5j@reverbnation.com,247.31,California
201,Sherwynd,MacKettrick,smackettrick5k@engadget.com,156.05,Illinois
202,Adelind,Goodley,agoodley5l@examiner.com,180.77,Indiana
203,Carling,Handscomb,chandscomb5m@redcross.org,40.19,Tennessee
204,Carla,Alexandersen,calexandersen5n@wix.com,234.16,Texas
205,Foss,Kacheler,fkacheler5o@skype.com,174.28,Tennessee
206,Arline,Trelevan,atrelevan5p@marriott.com,132.86,Florida
207,Terrance,Sydall,tsydall5q@narod.ru,149.41,Hawaii
208,Jemie,Knibley,jknibley5r@aboutads.info,245.19,North Carolina
209,Sibelle,Coste,scoste5s@parallels.com,207.09,Kentucky
210,Gherardo,Fitchell,gfitchell5t@bloglovin.com,138.6,California
211,Addy,Hosten,ahosten5u@java.com,198.98,Texas
212,Quillan,Davers,qdavers5v@ftc.gov,167.29,Kentucky
213,Lenette,Gaytor,lgaytor5w@blogs.com,37.2,Maryland
214,Audi,Dorrins,adorrins5x@loc.gov,229.49,Texas
215,Roosevelt,Gunston,rgunston5y@census.gov,59.57,California
216,Reginald,Overbury,roverbury5z@usnews.com,117.04,Texas
217,Augustin,Adshede,aadshede60@unc.edu,155.99,Texas
218,Reeva,Yushmanov,ryushmanov61@opera.com,97.42,Oregon
219,Bill,Wilcinskis,bwilcinskis62@dedecms.com,128.85,Florida
220,Padraic,Goater,pgoater63@bloglines.com,229.45,Georgia
221,Benjamen,Sawforde,bsawforde64@nba.com,96.04,Louisiana
222,Ches,Hunsworth,chunsworth65@illinois.edu,170.79,Texas
223,Gwenore,Tsar,gtsar66@fc2.com,203.76,Florida
224,Lizzie,Keave,lkeave67@wikimedia.org,168.58,South Carolina
225,Ruthann,Wailes,rwailes68@arizona.edu,143.79,District of Columbia
226,Jinny,Jakoubek,jjakoubek69@github.io,34.61,Indiana
227,Gil,Borel,gborel6a@ft.com,22.17,Utah
228,Maggie,Elecum,melecum6b@auda.org.au,167.7,Virginia
229,Melisent,Sallter,msallter6c@scribd.com,90.73,Virginia
230,Francis,Everill,feverill6d@ca.gov,97.24,Hawaii
231,Dacie,Boomes,dboomes6e@newyorker.com,238.56,Georgia
232,Alene,Roantree,aroantree6f@ycombinator.com,8.12,California
233,Riane,Juggings,rjuggings6g@archive.org,162.65,Florida
234,Elliott,Dreschler,edreschler6h@tinypic.com,174.48,Washington
235,Estell,Nesey,enesey6i@amazon.de,191.44,Texas
236,Pancho,Eastam,peastam6j@issuu.com,99.61,Pennsylvania
237,Tyler,Michiel,tmichiel6k@xrea.com,220.74,New York
238,Lavinia,Larby,llarby6l@pen.io,233.52,Texas
239,Collin,Renyard,crenyard6m@aol.com,184.3,Illinois
240,Biddie,Daice,bdaice6n@1und1.de,102.52,Wisconsin
241,Earvin,Malzard,emalzard6o@google.ca,248.78,New York
242,Torry,Sargison,tsargison6p@yellowbook.com,43.3,California
243,Hermine,Ovanesian,hovanesian6q@businessweek.com,195.79,Utah
244,Janel,Ockland,jockland6r@symantec.com,185.6,Louisiana
245,Saloma,Ockwell,sockwell6s@webeden.co.uk,79.71,Pennsylvania
246,Gena,Madders,gmadders6t@google.ca,204.89,Wisconsin
247,Morgan,Careless,mcareless6u@google.de,16.42,Texas
248,Torry,Milkins,tmilkins6v@ox.ac.uk,196.48,New Jersey
249,Rosette,Southwood,rsouthwood6w@weebly.com,129.39,Pennsylvania
250,Erroll,Duigan,eduigan6x@wp.com,244.62,Washington
251,Humfried,McCook,hmccook6y@sina.com.cn,198.26,Indiana
252,Kingsley,Rabl,krabl6z@springer.com,95.29,New Mexico
253,Cull,Jeacock,cjeacock70@plala.or.jp,233.47,Ohio
254,Shayne,Gilmartin,sgilmartin71@blogtalkradio.com,136.57,Texas
255,Laurie,Kingswood,lkingswood72@liveinternet.ru,105.8,Texas
256,Mellicent,Shieber,mshieber73@lycos.com,177.9,Mississippi
257,Con,Swarbrick,cswarbrick74@wikispaces.com,70.05,California
258,Baudoin,Hanshaw,bhanshaw75@ft.com,129.58,Arizona
259,Hiram,Whetnall,hwhetnall76@ca.gov,74.27,Texas
260,Raffaello,Mc Caghan,rmccaghan77@cafepress.com,77.8,Florida
261,Ileana,McInerney,imcinerney78@opensource.org,189.47,Florida
262,Johnnie,Mathivet,jmathivet79@deviantart.com,5.41,Texas
263,Rollin,Thow,rthow7a@csmonitor.com,30.86,Connecticut
264,Weidar,Teanby,wteanby7b@blogspot.com,46.23,Tennessee
265,Ewan,De Vere,edevere7c@toplist.cz,155.26,Texas
266,Frazer,Calken,fcalken7d@storify.com,121.36,Massachusetts
267,Reese,Dehmel,rdehmel7e@lycos.com,184.9,District of Columbia
268,Katy,Bransby,kbransby7f@wikimedia.org,209.09,Missouri
269,Hester,Spens,hspens7g@chronoengine.com,74.2,Washington
270,Lela,Rickeard,lrickeard7h@macromedia.com,55.57,Pennsylvania
271,Griffith,Scruton,gscruton7i@nymag.com,93.97,Nevada
272,Pennie,Hurll,phurll7j@scribd.com,247.21,Florida
273,Brendin,Eadmead,beadmead7k@mapquest.com,76.26,New York
274,Normie,Smorfit,nsmorfit7l@oracle.com,161.3,Florida
275,Margy,Vance,mvance7m@nationalgeographic.com,17.78,Virginia
276,Donn,Tordoff,dtordoff7n@about.me,71.22,Alabama
277,Wyatt,Novotna,wnovotna7o@tiny.cc,50.95,Texas
278,Gwendolen,Spaxman,gspaxman7p@trellian.com,77.34,Florida
279,Cindee,Swate,cswate7q@amazon.co.jp,249.52,Arizona
280,Holmes,Janew,hjanew7r@vistaprint.com,220.75,Oregon
281,Niccolo,Danielou,ndanielou7s@amazon.de,207.26,California
282,Klarrisa,Beggan,kbeggan7t@geocities.com,144.88,Ohio
283,Anderea,McCaig,amccaig7u@wikispaces.com,112.65,California
284,Beitris,McGahey,bmcgahey7v@blogspot.com,40.41,New York
285,Kienan,Mesant,kmesant7w@1688.com,61.28,North Carolina
286,Clem,Forster,cforster7x@imgur.com,67.33,Florida
287,Emeline,O'Heffernan,eoheffernan7y@jugem.jp,190.03,Florida
288,Mannie,Mullaly,mmullaly7z@buzzfeed.com,98.7,Rhode Island
289,Cornela,Eberle,ceberle80@gizmodo.com,212.34,Texas
290,Jeniece,Hincham,jhincham81@who.int,244.8,Connecticut
291,Cecily,Bailles,cbailles82@gizmodo.com,198.07,Texas
292,Eveline,Vickors,evickors83@godaddy.com,245.21,Florida
293,Florie,Jillitt,fjillitt84@wunderground.com,48.94,Ohio
294,Sofie,Alastair,salastair85@skype.com,107.39,Alabama
295,Arie,Asaaf,aasaaf86@alibaba.com,169.17,New Mexico
296,Laughton,Ousbie,lousbie87@foxnews.com,22.07,Virginia
297,Cherri,Ordemann,cordemann88@usatoday.com,51.32,Florida
298,Mignon,Serrels,mserrels89@ucoz.com,179.31,California
299,Julia,Escale,jescale8a@kickstarter.com,164.92,California
300,Benyamin,Shorton,bshorton8b@delicious.com,68.94,California
301,Nelia,Yanson,nyanson8c@quantcast.com,237.05,California
302,Christopher,Mirfin,cmirfin8d@prweb.com,165.77,California
303,Licha,Devanney,ldevanney8e@nbcnews.com,85.28,Virginia
304,Verna,Fairleigh,vfairleigh8f@prnewswire.com,139.33,Colorado
305,Peta,Lamasna,plamasna8g@skyrock.com,98.41,Minnesota
306,Jaime,Anwell,janwell8h@hubpages.com,169.31,Washington
307,Alf,Painter,apainter8i@gnu.org,109.19,Georgia
308,Tamarra,Knock,tknock8j@spotify.com,248.46,Louisiana
309,Stanwood,Martugin,smartugin8k@hp.com,230.24,California
310,Gretna,Longea,glongea8l@printfriendly.com,210.96,Florida
311,Mead,Rosoni,mrosoni8m@nsw.gov.au,63.61,Illinois
312,Rodney,Neesham,rneesham8n@sina.com.cn,242.84,Kentucky
313,Tymothy,Tuplin,ttuplin8o@aol.com,209.29,Tennessee
314,Frederik,Billison,fbillison8p@umich.edu,98.76,Colorado
315,Monti,Madrell,mmadrell8q@ucla.edu,208.84,California
316,Pennie,Pickless,ppickless8r@addtoany.com,130.82,Maryland
317,Ardelis,Fairey,afairey8s@so-net.ne.jp,64.45,Idaho
318,Carine,Lorey,clorey8t@typepad.com,176.84,New York
319,Betteann,Steinham,bsteinham8u@statcounter.com,22.9,New York
320,Zorana,Sinkings,zsinkings8v@forbes.com,57.24,Florida
321,Etti,Fensome,efensome8w@jimdo.com,7.75,Georgia
322,Tera,Chartre,tchartre8x@meetup.com,187.4,Pennsylvania
323,Casper,Riepel,criepel8y@spiegel.de,30.87,New York
324,Dianna,Highnam,dhighnam8z@vkontakte.ru,95.72,Ohio
325,Adelaide,Izen,aizen90@t.co,242.61,Pennsylvania
326,Eadith,Covelle,ecovelle91@ucoz.ru,182.14,District of Columbia
327,Rawley,Koenen,rkoenen92@sogou.com,176.8,Florida
328,Benjamen,Dunston,bdunston93@java.com,145.24,North Carolina
329,Jone,Parsonage,jparsonage94@prnewswire.com,89.0,Washington
330,Glenn,Farndell,gfarndell95@google.fr,161.1,Pennsylvania
331,Shoshana,Swede,sswede96@ustream.tv,39.93,Florida
332,Jesselyn,Lorraway,jlorraway97@exblog.jp,243.72,Alabama
333,Chastity,McGee,cmcgee98@dion.ne.jp,29.48,Rhode Island
334,Susi,Camings,scamings99@cyberchimps.com,168.13,California
335,Claus,Keyworth,ckeyworth9a@state.gov,123.97,Michigan
336,Gertrud,Chaucer,gchaucer9b@twitpic.com,235.01,District of Columbia
337,Heath,Philipps,hphilipps9c@slashdot.org,110.94,California
338,Caryn,Prise,cprise9d@vinaora.com,21.5,Colorado
339,Iver,Gowing,igowing9e@timesonline.co.uk,117.01,Alaska
340,Mireille,Woodworth,mwoodworth9f@posterous.com,44.52,Florida
341,Harry,Laraway,hlaraway9g@51.la,78.32,Texas
342,Alta,Hurring,ahurring9h@yelp.com,233.38,New York
343,Thorstein,Laslett,tlaslett9i@indiegogo.com,87.78,California
344,Jeri,MacInnes,jmacinnes9j@gov.uk,75.92,Minnesota
345,Ben,Saice,bsaice9k@mac.com,170.7,Massachusetts
346,Jocelyne,Pitkeathley,jpitkeathley9l@time.com,114.07,Ohio
347,Earlie,Synan,esynan9m@php.net,130.66,New York
348,Maison,Erlam,merlam9n@fotki.com,181.16,Nevada
349,Hyman,Luscombe,hluscombe9o@jiathis.com,181.91,Illinois
350,Carie,Peyntue,cpeyntue9p@nyu.edu,81.18,Minnesota
351,Herbie,Benech,hbenech9q@creativecommons.org,240.79,Texas
352,Tersina,Willford,twillford9r@wunderground.com,56.51,District of Columbia
353,Pennie,Simm,psimm9s@ovh.net,84.51,Florida
354,Karylin,Dolle,kdolle9t@paginegialle.it,148.64,Florida
355,Neil,Hedgecock,nhedgecock9u@surveymonkey.com,233.26,California
356,Dixie,Garland,dgarland9v@miibeian.gov.cn,76.42,California
357,Stearn,Letertre,sletertre9w@jimdo.com,75.57,Illinois
358,Waylon,Dunan,wdunan9x@hibu.com,237.43,Louisiana
359,Lamont,Medling,lmedling9y@is.gd,229.83,Ohio
360,Alyda,Cockitt,acockitt9z@yellowpages.com,33.61,West Virginia
361,Shaun,Edensor,sedensora0@reddit.com,107.03,Iowa
362,Henry,L'Homme,hlhommea1@msu.edu,17.7,Virginia
363,Craggie,Westmoreland,cwestmorelanda2@a8.net,86.97,Kentucky
364,Fleurette,Stronge,fstrongea3@webmd.com,190.88,Virginia
365,Alexandra,Gillimgham,agillimghama4@histats.com,6.44,Georgia
366,Fitz,Bantham,fbanthama5@fotki.com,73.53,Florida
367,Anthea,Walley,awalleya6@prweb.com,72.1,Texas
368,Tommie,Stollman,tstollmana7@moonfruit.com,111.93,Utah
369,Estrella,Harnes,eharnesa8@g.co,235.7,Texas
370,Sid,Sockell,ssockella9@ezinearticles.com,230.82,Nebraska
371,Virginia,Bruster,vbrusteraa@printfriendly.com,132.75,Florida
372,Stanwood,Rennox,srennoxab@hexun.com,233.36,North Carolina
373,Cchaddie,Evitts,cevittsac@technorati.com,247.07,New York
374,Louise,Abramzon,labramzonad@tiny.cc,49.53,Ohio
375,Huberto,Cottey,hcotteyae@squarespace.com,86.76,Alabama
376,Charity,Brewse,cbrewseaf@blog.com,148.06,Texas
377,Miran,Offer,mofferag@livejournal.com,38.26,Illinois
378,Merline,Minmagh,mminmaghah@nationalgeographic.com,87.07,Indiana
379,Matthias,Reavey,mreaveyai@issuu.com,36.1,Texas
380,Augy,Ofield,aofieldaj@twitter.com,188.64,Kansas
381,Sunny,Sanson,ssansonak@harvard.edu,230.32,Missouri
382,Reinold,Balls,rballsal@amazon.com,25.89,New Mexico
383,Shurlocke,Whitlock,swhitlockam@buzzfeed.com,122.17,Connecticut
384,Rodina,Bell,rbellan@shareasale.com,100.88,Florida
385,Agnes,Rowaszkiewicz,arowaszkiewiczao@desdev.cn,238.99,Connecticut
386,Kinny,Perrelli,kperrelliap@jiathis.com,77.9,Texas
387,Elka,Challoner,echalloneraq@reddit.com,174.52,Texas
388,Benedicta,Scott,bscottar@freewebs.com,39.59,Florida
389,Patrica,Jeannin,pjeanninas@g.co,21.34,South Dakota
390,Winonah,Gregr,wgregrat@i2i.jp,69.22,Washington
391,Simona,Griffitts,sgriffittsau@macromedia.com,248.88,Florida
392,Tiffy,Denty,tdentyav@paginegialle.it,230.66,Florida
393,Bryce,Thickett,bthickettaw@home.pl,91.85,Ohio
394,Rani,Allabarton,rallabartonax@umn.edu,144.83,California
395,Albertine,Banbridge,abanbridgeay@stanford.edu,170.34,Texas
396,Jammal,Parren,jparrenaz@auda.org.au,221.62,Texas
397,Isak,Geeve,igeeveb0@hubpages.com,235.89,Minnesota
398,Marchelle,Tummasutti,mtummasuttib1@indiegogo.com,82.93,Louisiana
399,Maxie,Allman,mallmanb2@geocities.com,47.25,Florida
400,Nonnah,Aldous,naldousb3@elegantthemes.com,209.07,California
401,Base,Wallach,bwallachb4@redcross.org,82.02,Tennessee
402,Filmore,Sutcliff,fsutcliffb5@amazonaws.com,240.72,Virginia
403,Fancie,McNickle,fmcnickleb6@xrea.com,60.12,Hawaii
404,Genevieve,Viner,gvinerb7@mozilla.org,77.47,New York
405,Rossie,Boydell,rboydellb8@lycos.com,32.46,Pennsylvania
406,Marrilee,Philpot,mphilpotb9@skype.com,59.2,California
407,Glynda,Sudlow,gsudlowba@wikimedia.org,194.11,New York
408,Franni,Noel,fnoelbb@constantcontact.com,149.62,California
409,Quentin,Sale,qsalebc@shinystat.com,226.83,Indiana
410,Ashil,McGurn,amcgurnbd@prweb.com,48.45,New York
411,Curtis,Bilofsky,cbilofskybe@pcworld.com,143.55,Kansas
412,Verile,Prangnell,vprangnellbf@samsung.com,192.25,Tennessee
413,Izaak,Sheircliffe,isheircliffebg@amazon.co.uk,209.23,New York
414,Lucina,Pavel,lpavelbh@baidu.com,144.27,Minnesota
415,Fitzgerald,Spurrier,fspurrierbi@discuz.net,18.35,Florida
416,Jaimie,Olfert,jolfertbj@ihg.com,55.62,Oklahoma
417,Roddy,Buddell,rbuddellbk@amazon.co.jp,163.61,District of Columbia
418,Ludvig,Hilary,lhilarybl@fastcompany.com,69.23,Arizona
419,Suzette,Kitchenham,skitchenhambm@goo.ne.jp,108.08,Washington
420,Calhoun,Murfin,cmurfinbn@tumblr.com,77.6,California
421,Wilfred,Dudderidge,wdudderidgebo@google.fr,162.71,Texas
422,Rocky,Pennetti,rpennettibp@shutterfly.com,154.59,Kentucky
423,Leontyne,Creevy,lcreevybq@virginia.edu,184.0,Indiana
424,Barrie,Shephard,bshephardbr@taobao.com,169.24,Utah
425,Wallie,Ricart,wricartbs@blinklist.com,209.19,Kentucky
426,Ninnette,Misk,nmiskbt@flavors.me,213.27,Montana
427,Deb,Domke,ddomkebu@house.gov,58.53,South Carolina
428,Augustus,Monck,amonckbv@nydailynews.com,31.71,Tennessee
429,Missie,Pindell,mpindellbw@topsy.com,102.97,New York
430,Gwynne,Attack,gattackbx@gizmodo.com,91.52,Michigan
431,Abby,Robjohns,arobjohnsby@blogs.com,148.05,Nevada
432,Fina,Roscow,froscowbz@stanford.edu,33.52,West Virginia
433,Ranique,Abdey,rabdeyc0@linkedin.com,212.06,Georgia
434,Raven,Cantopher,rcantopherc1@nih.gov,111.61,Maryland
435,Essa,Wattisham,ewattishamc2@bing.com,49.75,Colorado
436,Gibby,Bohlmann,gbohlmannc3@deviantart.com,213.83,Utah
437,Daren,Burnside,dburnsidec4@wordpress.com,54.07,California
438,Merle,Rainford,mrainfordc5@symantec.com,168.74,California
439,Rickie,Carrane,rcarranec6@unc.edu,244.2,Texas
440,Earle,Lethcoe,elethcoec7@mlb.com,50.16,Illinois
441,Verna,Jovanovic,vjovanovicc8@bizjournals.com,88.06,Texas
442,Sharlene,Acome,sacomec9@blog.com,97.98,Georgia
443,Danni,Greenlies,dgreenliesca@macromedia.com,38.9,Florida
444,Abe,Tyreman,atyremancb@craigslist.org,23.79,California
445,Dalia,Wolfenden,dwolfendencc@joomla.org,226.74,Arizona
446,Nelly,Dorran,ndorrancd@chron.com,60.67,California
447,Joana,Keyte,jkeytece@jimdo.com,100.77,Florida
448,Amabelle,Cow,acowcf@cbc.ca,191.88,Louisiana
449,Danny,Bunney,dbunneycg@state.gov,60.8,Texas
450,Melissa,Fitzsimon,mfitzsimonch@deviantart.com,56.62,Pennsylvania
451,Lenora,McIlwraith,lmcilwraithci@adobe.com,156.97,Maryland
452,Ranee,Rosenzwig,rrosenzwigcj@weebly.com,185.24,Virginia
453,Leela,Fullard,lfullardck@geocities.jp,104.17,Kansas
454,Tamara,Brister,tbristercl@japanpost.jp,92.82,North Carolina
455,Ambrosi,Pogosian,apogosiancm@google.com,31.94,South Carolina
456,Nelly,Abramzon,nabramzoncn@dagondesign.com,54.59,Arizona
457,Klarrisa,Cranmere,kcranmereco@berkeley.edu,186.97,District of Columbia
458,Diahann,Kindleside,dkindlesidecp@gizmodo.com,71.32,Florida
459,Dotty,Gorrissen,dgorrissencq@apache.org,55.98,District of Columbia
460,Haskel,Wloch,hwlochcr@nasa.gov,133.41,Florida
461,Westbrook,Cordier,wcordiercs@cyberchimps.com,236.62,California
462,Sheppard,Chanson,schansonct@google.ca,72.15,Colorado
463,Derwin,Goodale,dgoodalecu@gizmodo.com,241.19,Florida
464,Chan,MacNish,cmacnishcv@sohu.com,197.28,Arizona
465,Welbie,Grimwood,wgrimwoodcw@taobao.com,125.37,Tennessee
466,Maurise,Swainston,mswainstoncx@google.com.hk,180.87,Minnesota
467,Stephanie,Saterthwait,ssaterthwaitcy@admin.ch,142.67,California
468,Augustine,Asif,aasifcz@stumbleupon.com,56.07,Florida
469,Channa,Gaskill,cgaskilld0@surveymonkey.com,102.24,Pennsylvania
470,Clifford,Blackaby,cblackabyd1@sphinn.com,27.01,Wisconsin
471,Ardyth,Shrubshall,ashrubshalld2@washingtonpost.com,78.54,Florida
472,Lana,Arman,larmand3@microsoft.com,124.58,Kansas
473,Baily,Ondrus,bondrusd4@state.tx.us,202.34,California
474,Ashil,Imms,aimmsd5@diigo.com,189.5,South Carolina
475,Lanna,Robberts,lrobbertsd6@w3.org,89.91,Minnesota
476,Harriott,Ciccerale,hcicceraled7@mozilla.com,33.68,Tennessee
477,Dom,Fiddeman,dfiddemand8@howstuffworks.com,211.5,New York
478,Izak,Erangy,ierangyd9@t-online.de,212.22,Pennsylvania
479,Shandee,Start,sstartda@zimbio.com,194.15,Iowa
480,Skyler,Vince,svincedb@privacy.gov.au,186.81,Missouri
481,Shelbi,Lammers,slammersdc@irs.gov,52.57,Colorado
482,Sandi,Lambal,slambaldd@shinystat.com,126.42,Kentucky
483,Pam,Glanfield,pglanfieldde@youtube.com,11.06,Tennessee
484,Kelby,Charters,kchartersdf@google.cn,61.63,Maryland
485,Garey,Andersen,gandersendg@chronoengine.com,124.02,Texas
486,Falito,Seakes,fseakesdh@gnu.org,228.43,Massachusetts
487,Millicent,Adanet,madanetdi@macromedia.com,60.44,Massachusetts
488,Tammy,Alejandri,talejandridj@bigcartel.com,114.87,Illinois
489,Mateo,Buttress,mbuttressdk@mail.ru,160.49,Florida
490,Olenka,Beaufoy,obeaufoydl@rediff.com,204.99,Louisiana
491,Diarmid,Gatehouse,dgatehousedm@usda.gov,88.0,New York
492,Blair,Ullyatt,bullyattdn@clickbank.net,86.47,Nebraska
493,Godfree,Madgwich,gmadgwichdo@aboutads.info,56.49,Virginia
494,Averil,Meagher,ameagherdp@about.com,89.11,Tennessee
495,Susan,Gentner,sgentnerdq@theglobeandmail.com,62.2,District of Columbia
496,Ashby,Cardozo,acardozodr@princeton.edu,178.84,Nevada
497,Rutger,McLelland,rmclellandds@spotify.com,150.07,California
498,Jeannette,Saban,jsabandt@google.ca,246.98,Florida
499,Cobbie,Ritter,critterdu@facebook.com,34.22,Florida
500,Joshuah,Doswell,jdoswelldv@bizjournals.com,103.94,Florida
501,Verene,Southerns,vsouthernsdw@over-blog.com,218.8,Florida
502,Karol,Boobyer,kboobyerdx@homestead.com,119.79,Massachusetts
503,Marylou,Milkeham,mmilkehamdy@ustream.tv,107.67,Texas
504,Tab,Gonnard,tgonnarddz@skyrock.com,22.47,Nebraska
505,Georgena,Feake,gfeakee0@accuweather.com,138.82,Virginia
506,Bamby,Culkin,bculkine1@usgs.gov,124.48,Texas
507,Theo,Yannikov,tyannikove2@ft.com,67.67,Illinois
508,Shelton,Mumford,smumforde3@biblegateway.com,133.4,Texas
509,Helsa,Vannini,hvanninie4@amazon.co.uk,120.97,Idaho
510,Clementia,Menichino,cmenichinoe5@skype.com,55.16,New York
511,Rowan,Gagin,rgagine6@blinklist.com,31.94,Arkansas
512,Minetta,Spinage,mspinagee7@people.com.cn,175.8,Florida
513,Harriett,Miguet,hmiguete8@youtube.com,195.12,California
514,Eugine,Streather,estreathere9@census.gov,239.73,California
515,Benedick,MacCosty,bmaccostyea@army.mil,110.13,California
516,Fidelia,Corradengo,fcorradengoeb@ustream.tv,88.92,Oregon
517,Tobe,Vowels,tvowelsec@mozilla.org,69.31,Nevada
518,Wolfgang,Biaggi,wbiaggied@toplist.cz,41.19,Texas
519,Raquela,Buye,rbuyeee@nhs.uk,211.23,New York
520,Patten,Lindstrom,plindstromef@trellian.com,210.55,Hawaii
521,Meggy,Graham,mgrahameg@tiny.cc,130.66,Illinois
522,Tallie,Koba,tkobaeh@aol.com,87.62,Missouri
523,Preston,Lomen,plomenei@soundcloud.com,6.78,Idaho
524,Crysta,Born,cbornej@t-online.de,98.53,Georgia
525,Taber,Holtum,tholtumek@tinypic.com,136.18,Ohio
526,Delores,Lakes,dlakesel@plala.or.jp,36.87,North Carolina
527,Krisha,Pryor,kpryorem@imdb.com,178.04,Colorado
528,Rayna,Aarons,raaronsen@vimeo.com,169.72,District of Columbia
529,Stanleigh,Davenhall,sdavenhalleo@seesaa.net,128.9,Texas
530,Ashly,McCaighey,amccaigheyep@creativecommons.org,53.54,California
531,Car,Kyteley,ckyteleyeq@hc360.com,232.37,North Carolina
532,Verge,Charlton,vcharltoner@indiegogo.com,6.59,Ohio
533,Creight,Behning,cbehninges@smh.com.au,108.34,California
534,Madel,Rizzi,mrizziet@newsvine.com,240.31,Michigan
535,Mahmoud,Naylor,mnayloreu@who.int,69.94,California
536,Madlin,Lindback,mlindbackev@go.com,210.4,California
537,Birdie,Bogey,bbogeyew@ustream.tv,101.76,Pennsylvania
538,Babs,Schwanden,bschwandenex@moonfruit.com,34.1,Texas
539,Gare,Blencowe,gblencoweey@com.com,170.49,Texas
540,Rosette,Blenkinship,rblenkinshipez@bloglovin.com,135.16,Texas
541,Delaney,Lake,dlakef0@reuters.com,225.59,Florida
542,Tremain,Wyldbore,twyldboref1@blinklist.com,30.69,California
543,Adriana,Wisdom,awisdomf2@marketwatch.com,124.31,New Jersey
544,Demetris,Pedden,dpeddenf3@home.pl,163.15,New York
545,Dehlia,Doggart,ddoggartf4@sohu.com,21.01,Illinois
546,Anabel,Grevel,agrevelf5@sfgate.com,31.15,California
547,Dexter,Ronchi,dronchif6@comcast.net,49.55,New York
548,Nell,Moule,nmoulef7@dedecms.com,72.91,Texas
549,Mannie,Waddam,mwaddamf8@microsoft.com,26.26,Arizona
550,Casi,Piccard,cpiccardf9@homestead.com,152.45,Michigan
551,Elyse,Scintsbury,escintsburyfa@arizona.edu,241.7,Ohio
552,Zach,Florentine,zflorentinefb@adobe.com,73.16,Florida
553,Elia,Cawdell,ecawdellfc@arizona.edu,176.85,Ohio
554,Kippy,Yuille,kyuillefd@clickbank.net,78.9,Texas
555,Regan,Bullcock,rbullcockfe@cnbc.com,6.22,Texas
556,Bernard,Batrip,bbatripff@patch.com,75.06,District of Columbia
557,Hermann,Bennis,hbennisfg@mapquest.com,116.52,Indiana
558,Karee,Greenhouse,kgreenhousefh@unesco.org,203.57,Pennsylvania
559,Ollie,Darben,odarbenfi@nba.com,232.36,Texas
560,Tom,Peregrine,tperegrinefj@paginegialle.it,157.52,Alabama
561,Beatrice,Dallow,bdallowfk@skyrock.com,105.05,Iowa
562,Lenard,Elmar,lelmarfl@bluehost.com,235.84,Alabama
563,Shalom,Shuard,sshuardfm@goodreads.com,142.17,South Carolina
564,Hal,Hannigane,hhanniganefn@imageshack.us,92.54,Illinois
565,Esteban,Fernehough,efernehoughfo@ucoz.ru,198.91,Pennsylvania
566,Godiva,Mulvenna,gmulvennafp@1688.com,105.69,Florida
567,Brandon,Balcombe,bbalcombefq@constantcontact.com,102.52,North Carolina
568,Bowie,Svanetti,bsvanettifr@google.it,48.83,Alabama
569,Twyla,Swanson,tswansonfs@symantec.com,50.14,Ohio
570,Krystle,Jaszczak,kjaszczakft@cnn.com,206.37,Connecticut
571,Arvie,Sorsbie,asorsbiefu@wiley.com,243.9,Indiana
572,Bjorn,Daine,bdainefv@wired.com,140.81,Florida
573,Melisse,Petrushanko,mpetrushankofw@yandex.ru,86.85,California
574,Carole,Audibert,caudibertfx@merriam-webster.com,224.1,Maryland
575,Leshia,Avrahamian,lavrahamianfy@geocities.jp,105.97,Pennsylvania
576,Marketa,Krink,mkrinkfz@hexun.com,40.19,District of Columbia
577,Douglas,Sheivels,dsheivelsg0@amazon.com,45.15,Idaho
578,Mahalia,Hazard,mhazardg1@biglobe.ne.jp,72.29,Missouri
579,Petrina,Hallewell,phallewellg2@last.fm,216.97,Texas
580,Rodge,Duran,rdurang3@qq.com,58.05,Florida
581,Eula,Lamacraft,elamacraftg4@about.me,120.29,Nevada
582,Bailey,Moorey,bmooreyg5@intel.com,65.85,California
583,Fiann,McGinny,fmcginnyg6@nymag.com,237.43,Texas
584,Tome,Gowan,tgowang7@yellowbook.com,12.14,South Carolina
585,Liv,Ruddiman,lruddimang8@amazon.com,172.6,Wisconsin
586,Tyson,O'Dare,todareg9@techcrunch.com,76.94,Nebraska
587,Claire,Ribbon,cribbonga@stumbleupon.com,119.43,New York
588,Hamilton,Joscelyn,hjoscelyngb@mashable.com,144.69,Georgia
589,Fred,Veryan,fveryangc@photobucket.com,189.47,Pennsylvania
590,Isidoro,Hessenthaler,ihessenthalergd@mozilla.com,109.06,Texas
591,Paten,Dulake,pdulakege@vimeo.com,147.26,Wisconsin
592,Lelia,Nansom,lnansomgf@ehow.com,206.03,Montana
593,Joelie,Cossans,jcossansgg@bloglines.com,40.39,Texas
594,Roarke,Carrane,rcarranegh@sohu.com,81.82,Minnesota
595,Roberta,Liley,rlileygi@state.gov,104.83,Alabama
596,Klarika,Seleway,kselewaygj@jimdo.com,80.24,Alabama
597,Alvy,O'Farrell,aofarrellgk@chicagotribune.com,113.67,Tennessee
598,Hernando,Siemons,hsiemonsgl@narod.ru,231.87,Texas
599,Paulette,Ayrs,payrsgm@zdnet.com,207.51,New York
600,Lita,Lilford,llilfordgn@woothemes.com,195.13,Massachusetts
601,Eirena,Tathacott,etathacottgo@tinypic.com,43.32,Florida
602,Meier,Bedward,mbedwardgp@cmu.edu,240.89,Hawaii
603,Raven,Isgate,risgategq@liveinternet.ru,21.75,Illinois
604,Elga,Webben,ewebbengr@simplemachines.org,231.15,Arkansas
605,Merrick,Durdle,mdurdlegs@ocn.ne.jp,185.15,Louisiana
606,Raff,Gatty,rgattygt@de.vu,97.59,Pennsylvania
607,Claudia,Chatten,cchattengu@wiley.com,96.25,Nevada
608,Inga,Gorce,igorcegv@desdev.cn,152.36,Kansas
609,Daniel,Lydford,dlydfordgw@shareasale.com,231.74,Kansas
610,Gian,Stitt,gstittgx@163.com,52.28,California
611,Drucie,Whale,dwhalegy@marketwatch.com,101.11,New York
612,Grady,Dauney,gdauneygz@comcast.net,11.34,Alabama
613,Missie,Pyott,mpyotth0@bravesites.com,145.09,Virginia
614,Rossy,Schonfelder,rschonfelderh1@redcross.org,10.18,North Carolina
615,Friedrich,Meni,fmenih2@uiuc.edu,166.12,Ohio
616,Erin,Twoohy,etwoohyh3@gmpg.org,203.0,Ohio
617,Correy,Enrrico,cenrricoh4@ted.com,30.8,North Carolina
618,Fernandina,Addionizio,faddionizioh5@ycombinator.com,102.56,Pennsylvania
619,Timothee,Brixey,tbrixeyh6@cnbc.com,186.46,Virginia
620,Alvina,Geator,ageatorh7@redcross.org,66.76,Colorado
621,Eadie,Diviny,edivinyh8@hc360.com,184.5,Oklahoma
622,Gwendolin,Hazelby,ghazelbyh9@timesonline.co.uk,32.41,West Virginia
623,Denver,Kluger,dklugerha@sciencedirect.com,218.56,New York
624,Mitzi,Bruhnicke,mbruhnickehb@creativecommons.org,237.31,Pennsylvania
625,Kellie,Sorel,ksorelhc@gizmodo.com,31.28,Oklahoma
626,Talya,Baxill,tbaxillhd@google.com.hk,21.48,Massachusetts
627,Sapphira,Weakley,sweakleyhe@nasa.gov,97.92,Texas
628,Fiona,Mailes,fmaileshf@slashdot.org,188.44,North Carolina
629,Davidde,Slimon,dslimonhg@mlb.com,45.77,Georgia
630,Larry,Canning,lcanninghh@printfriendly.com,44.02,California
631,Elsie,MacIntyre,emacintyrehi@w3.org,154.72,Georgia
632,Brendon,Leeson,bleesonhj@mediafire.com,40.29,Louisiana
633,Nicolas,Lanahan,nlanahanhk@example.com,153.97,Virginia
634,John,Greenroad,jgreenroadhl@infoseek.co.jp,24.68,California
635,Queenie,Klass,qklasshm@etsy.com,249.41,Texas
636,Jacklyn,Penwright,jpenwrighthn@exblog.jp,149.04,Oregon
637,Janet,de Marco,jdemarcoho@dell.com,135.12,Oklahoma
638,Thekla,Lucock,tlucockhp@youtu.be,98.35,Texas
639,Terra,Brocks,tbrockshq@redcross.org,30.24,Arizona
640,Craig,Fiddyment,cfiddymenthr@slideshare.net,85.71,Kentucky
641,Lucky,Titmarsh,ltitmarshhs@simplemachines.org,158.55,Georgia
642,Constantina,Fogden,cfogdenht@is.gd,35.32,California
643,Irita,Emmanuele,iemmanuelehu@hubpages.com,163.32,Florida
644,Biron,Ivoshin,bivoshinhv@berkeley.edu,156.36,Illinois
645,Annadiana,Aarons,aaaronshw@tinyurl.com,6.09,North Carolina
646,Stephie,Catlette,scatlettehx@about.me,184.39,Connecticut
647,Ambrose,Herries,aherrieshy@simplemachines.org,93.58,West Virginia
648,Jeannette,Trevan,jtrevanhz@hhs.gov,88.29,California
649,Dorothea,Tettersell,dtetterselli0@hubpages.com,75.22,District of Columbia
650,Merla,Downer,mdowneri1@cam.ac.uk,211.31,Utah
651,Fidelia,Beatey,fbeateyi2@github.com,50.2,Kansas
652,Maggy,Ghidotti,mghidottii3@disqus.com,158.01,Oklahoma
653,Shalom,Pounsett,spounsetti4@yale.edu,126.46,Kansas
654,Valencia,Dubock,vdubocki5@homestead.com,33.84,Texas
655,Amble,Luckes,aluckesi6@adobe.com,59.88,Georgia
656,Michael,More,mmorei7@sciencedirect.com,168.5,Virginia
657,Honey,Scibsey,hscibseyi8@slideshare.net,179.06,Illinois
658,Fulton,Howse,fhowsei9@webmd.com,214.94,Washington
659,Cornie,Sill,csillia@issuu.com,239.44,Kansas
660,Kore,Winch,kwinchib@issuu.com,247.88,Virginia
661,Rosemary,Ambrogini,rambroginiic@youtu.be,185.24,California
662,Liliane,Boyet,lboyetid@spiegel.de,134.35,Florida
663,Ossie,Bloggett,obloggettie@pagesperso-orange.fr,141.96,Pennsylvania
664,Kimmi,Twentyman,ktwentymanif@msn.com,249.04,Texas
665,Ahmed,Parren,aparrenig@dion.ne.jp,182.94,Maryland
666,Theodor,Kettle,tkettleih@reverbnation.com,227.16,Georgia
667,Myrah,Volante,mvolanteii@baidu.com,84.98,Texas
668,Kala,Thorius,kthoriusij@baidu.com,55.4,North Carolina
669,Bernardo,Pragnell,bpragnellik@census.gov,9.35,New York
670,Colly,Ferfulle,cferfulleil@slashdot.org,114.03,Ohio
671,Helge,Perring,hperringim@wikipedia.org,24.54,Ohio
672,Zeb,Parks,zparksin@biblegateway.com,110.75,Minnesota
673,Elinore,Castelyn,ecastelynio@ucla.edu,63.05,Oregon
674,Alejandro,Gordon-Giles,agordongilesip@foxnews.com,244.45,Ohio
675,Harry,Hanning,hhanningiq@un.org,125.22,Indiana
676,Steffie,Haithwaite,shaithwaiteir@4shared.com,30.2,Florida
677,Gearalt,Maccrea,gmaccreais@economist.com,6.9,Minnesota
678,Cy,Geekin,cgeekinit@hc360.com,212.99,Texas
679,Vivia,Logsdail,vlogsdailiu@163.com,145.93,Alabama
680,Conny,Crich,ccrichiv@uol.com.br,143.44,Missouri
681,Bastien,Serraillier,bserraillieriw@fastcompany.com,101.74,Kansas
682,Rebecca,Taylot,rtaylotix@mysql.com,221.5,Michigan
683,Willow,DeSousa,wdesousaiy@miibeian.gov.cn,213.21,Iowa
684,Samuele,De Castri,sdecastriiz@jalbum.net,185.69,Louisiana
685,Renell,Daniel,rdanielj0@cdbaby.com,74.31,North Carolina
686,Romain,Fischer,rfischerj1@cam.ac.uk,222.76,District of Columbia
687,Archie,Beslier,abeslierj2@ucoz.ru,97.58,Texas
688,Lorette,Bassill,lbassillj3@prnewswire.com,8.82,California
689,Kermit,Fell,kfellj4@joomla.org,62.17,Washington
690,Tatiana,Mee,tmeej5@tiny.cc,93.17,California
691,Pooh,Hawthorne,phawthornej6@biblegateway.com,75.3,Maryland
692,Betti,Coning,bconingj7@irs.gov,85.43,Colorado
693,Addy,Batecok,abatecokj8@tinypic.com,61.14,New Mexico
694,Rozelle,Fahy,rfahyj9@google.co.uk,220.39,Texas
695,Randee,Raffles,rrafflesja@pcworld.com,71.39,California
696,Curtice,Mulrenan,cmulrenanjb@stanford.edu,82.73,Kentucky
697,Albert,Edler,aedlerjc@nbcnews.com,147.93,Texas
698,Deidre,Teligin,dteliginjd@123-reg.co.uk,19.0,Ohio
699,Jeffrey,MacGray,jmacgrayje@skype.com,146.15,Texas
700,Marissa,Hawkeridge,mhawkeridgejf@geocities.jp,236.96,Florida
701,Aindrea,Broomhead,abroomheadjg@mtv.com,77.5,Minnesota
702,Ronny,Yansons,ryansonsjh@reverbnation.com,140.96,Pennsylvania
703,Rayner,Andrick,randrickji@cocolog-nifty.com,10.31,West Virginia
704,Ambrosius,Casale,acasalejj@ihg.com,48.11,Pennsylvania
705,Leda,Melland,lmellandjk@jiathis.com,132.94,Virginia
706,Kelby,MacDiarmid,kmacdiarmidjl@wiley.com,174.51,Florida
707,Harald,Zaniolo,hzaniolojm@cbslocal.com,108.55,Iowa
708,Lula,Charlewood,lcharlewoodjn@amazon.co.uk,54.44,South Dakota
709,Melita,Godard,mgodardjo@techcrunch.com,237.67,California
710,Sissie,Braunds,sbraundsjp@w3.org,219.34,Florida
711,Adore,Newsham,anewshamjq@cbsnews.com,111.04,New York
712,Isabelle,Roaf,iroafjr@photobucket.com,246.07,California
713,Shandeigh,Cuseck,scuseckjs@behance.net,243.57,California
714,Fina,Andress,fandressjt@multiply.com,148.49,Kansas
715,Candis,Pallin,cpallinju@booking.com,64.25,California
716,Walden,Southerill,wsoutherilljv@ameblo.jp,73.12,Texas
717,Ann-marie,MacSweeney,amacsweeneyjw@cnet.com,210.16,Louisiana
718,Khalil,Djurevic,kdjurevicjx@ning.com,73.35,Indiana
719,Mela,Lesley,mlesleyjy@dropbox.com,206.56,Florida
720,Nancie,Dimock,ndimockjz@360.cn,48.33,Ohio
721,Thaxter,Klampt,tklamptk0@webnode.com,172.05,Nevada
722,Jillene,Gulliman,jgullimank1@addtoany.com,149.34,California
723,Corny,Bigland,cbiglandk2@imgur.com,111.9,Florida
724,Aldin,Perri,aperrik3@opera.com,145.02,Nevada
725,Pennie,Hedden,pheddenk4@phoca.cz,105.42,North Carolina
726,Wendye,De Meis,wdemeisk5@indiatimes.com,203.06,Washington
727,Devora,Paradise,dparadisek6@vistaprint.com,236.22,Texas
728,Nikolaos,Hanne,nhannek7@live.com,123.59,Louisiana
729,Chan,Panter,cpanterk8@freewebs.com,59.39,Alabama
730,Gusty,Brydell,gbrydellk9@infoseek.co.jp,240.4,Alabama
731,Marietta,Lyffe,mlyffeka@home.pl,73.26,California
732,Bevvy,Luparti,blupartikb@admin.ch,63.09,New York
733,Keen,Greger,kgregerkc@de.vu,238.86,Texas
734,Jeniffer,Theunissen,jtheunissenkd@wikimedia.org,210.6,New York
735,Bertine,Piffe,bpiffeke@wufoo.com,174.95,Texas
736,Culver,Moule,cmoulekf@twitpic.com,111.47,Mississippi
737,Lois,Cunniff,lcunniffkg@gizmodo.com,206.54,Georgia
738,Amalia,Heberden,aheberdenkh@is.gd,178.35,Louisiana
739,Dru,Fronek,dfronekki@multiply.com,29.58,Texas
740,Tabitha,Dible,tdiblekj@china.com.cn,245.12,Pennsylvania
741,Casi,Spadaro,cspadarokk@networksolutions.com,66.19,Pennsylvania
742,Gradey,Westhoff,gwesthoffkl@ibm.com,41.46,New York
743,Andie,Millam,amillamkm@dmoz.org,55.41,Texas
744,Phyllys,Wheeler,pwheelerkn@friendfeed.com,217.48,Missouri
745,Ardine,Berceros,abercerosko@hexun.com,123.87,Illinois
746,Fulton,Bore,fborekp@google.es,165.62,Minnesota
747,Fred,Woodwind,fwoodwindkq@51.la,194.51,Florida
748,Helsa,Cristoferi,hcristoferikr@vinaora.com,83.13,Arizona
749,Timofei,Mc Queen,tmcqueenks@dell.com,116.83,Montana
750,Carry,Shakle,cshaklekt@cocolog-nifty.com,221.09,New York
751,Evyn,Clyne,eclyneku@sun.com,110.75,Georgia
752,Kelley,Lehr,klehrkv@over-blog.com,135.44,Louisiana
753,Minor,Sprulls,msprullskw@wp.com,157.3,Kansas
754,Giustino,Klimshuk,gklimshukkx@photobucket.com,166.83,Missouri
755,Kristoffer,Domokos,kdomokosky@wikimedia.org,119.56,California
756,Paulie,Gosdin,pgosdinkz@utexas.edu,60.99,Alabama
757,Toiboid,Satyford,tsatyfordl0@bravesites.com,163.94,Kentucky
758,Dayna,Wynter,dwynterl1@ted.com,36.66,California
759,Gordan,Willden,gwilldenl2@virginia.edu,87.94,Tennessee
760,Analise,Beldam,abeldaml3@ibm.com,186.94,Texas
761,Rania,Vaney,rvaneyl4@weebly.com,218.37,New York
762,Aubrette,Balthasar,abalthasarl5@wsj.com,134.69,Alabama
763,Giovanna,Dagworthy,gdagworthyl6@yelp.com,79.23,California
764,Ximenez,Stonehewer,xstonehewerl7@army.mil,72.18,Florida
765,Hastie,Ramlot,hramlotl8@pagesperso-orange.fr,246.5,Florida
766,Alexandre,Peacock,apeacockl9@mozilla.org,189.8,Minnesota
767,Jacquette,Petz,jpetzla@harvard.edu,47.13,California
768,Hillary,Grain,hgrainlb@odnoklassniki.ru,24.52,Arizona
769,Saunderson,Buy,sbuylc@amazon.de,171.43,California
770,Gerry,Wyant,gwyantld@youtube.com,190.76,Minnesota
771,Lolita,Parry,lparryle@arstechnica.com,88.42,North Carolina
772,Waiter,MacKaig,wmackaiglf@comcast.net,64.99,Iowa
773,Teodoro,Cornner,tcornnerlg@google.nl,147.24,Kentucky
774,Hermione,Geffe,hgeffelh@yahoo.com,135.2,Florida
775,Pernell,Smythin,psmythinli@symantec.com,27.62,Alabama
776,Elizabet,Moult,emoultlj@jigsy.com,137.82,New Mexico
777,Neil,Pranger,nprangerlk@epa.gov,239.64,Texas
778,Sidney,Iacovolo,siacovololl@adobe.com,169.88,Washington
779,Bethena,Whorlow,bwhorlowlm@engadget.com,38.49,New York
780,Catharine,Pontefract,cpontefractln@furl.net,120.11,California
781,Elmo,Crombie,ecrombielo@t-online.de,188.02,Alabama
782,Anna,Boast,aboastlp@thetimes.co.uk,81.73,Colorado
783,Butch,Dundin,bdundinlq@statcounter.com,19.13,Texas
784,Pietro,Ironmonger,pironmongerlr@surveymonkey.com,30.47,Michigan
785,Mendel,Rodder,mrodderls@addthis.com,66.42,California
786,Adah,Brookzie,abrookzielt@unc.edu,175.9,Texas
787,Donielle,Malpas,dmalpaslu@senate.gov,225.82,Pennsylvania
788,Alf,Hardwin,ahardwinlv@ocn.ne.jp,107.69,Florida
789,Nonah,Pafford,npaffordlw@unesco.org,239.46,Kansas
790,Brier,Sebyer,bsebyerlx@e-recht24.de,8.25,Illinois
791,Jewel,Freckelton,jfreckeltonly@skyrock.com,13.92,Iowa
792,Albina,Rosendall,arosendalllz@newyorker.com,233.54,Utah
793,Luz,Wands,lwandsm0@techcrunch.com,91.88,Nevada
794,Babs,Craighill,bcraighillm1@bing.com,80.69,Arizona
795,Anica,Chevin,achevinm2@bizjournals.com,24.65,Ohio
796,Linoel,Radley,lradleym3@wikia.com,63.13,Colorado
797,Perceval,Filipowicz,pfilipowiczm4@geocities.jp,114.88,Virginia
798,Skippy,Skylett,sskylettm5@forbes.com,214.67,California
799,Ulrikaumeko,Haller,uhallerm6@dailymotion.com,10.49,Minnesota
800,Jarid,Rosso,jrossom7@cloudflare.com,87.93,Texas
801,Venus,Devaney,vdevaneym8@omniture.com,136.9,Arizona
802,Liv,Foxten,lfoxtenm9@hubpages.com,56.56,Texas
803,Constantine,Shellibeer,cshellibeerma@jimdo.com,183.95,District of Columbia
804,Gusta,Myford,gmyfordmb@columbia.edu,78.14,Arkansas
805,Cathee,Studdert,cstuddertmc@alexa.com,117.59,Iowa
806,Sid,Wearing,swearingmd@macromedia.com,79.77,Alabama
807,Clair,Nutt,cnuttme@archive.org,54.98,Ohio
808,Elsa,Dominighi,edominighimf@harvard.edu,47.52,Texas
809,Dita,Galfour,dgalfourmg@nba.com,161.96,South Carolina
810,Agna,Cromack,acromackmh@themeforest.net,87.16,Georgia
811,Korney,Ventum,kventummi@dailymotion.com,79.98,Florida
812,Aubert,MacNeish,amacneishmj@whitehouse.gov,115.54,Ohio
813,Ernestine,Moncrieffe,emoncrieffemk@merriam-webster.com,21.33,Massachusetts
814,Zara,Holborn,zholbornml@independent.co.uk,30.09,Florida
815,Bren,Beaten,bbeatenmm@qq.com,191.68,Georgia
816,Lishe,Vautre,lvautremn@amazon.de,135.81,Louisiana
817,Ambrosius,Trowl,atrowlmo@ebay.co.uk,55.28,Alaska
818,Marylee,Chettle,mchettlemp@indiegogo.com,37.84,New York
819,Collie,Sandon,csandonmq@state.gov,118.71,Tennessee
820,Jewelle,MacCoughan,jmaccoughanmr@github.io,200.14,Georgia
821,Talyah,Priver,tpriverms@ft.com,40.4,Minnesota
822,Rita,Lonergan,rlonerganmt@tmall.com,59.47,Louisiana
823,Shayne,Chamberlayne,schamberlaynemu@cocolog-nifty.com,231.47,Virginia
824,Jerry,Edgerly,jedgerlymv@psu.edu,240.09,California
825,Shanna,Ellif,sellifmw@blogtalkradio.com,76.2,Florida
826,Reeta,Gately,rgatelymx@cnet.com,175.43,Texas
827,Alberta,Dowgill,adowgillmy@wordpress.com,90.36,Illinois
828,Renaud,Arrighetti,rarrighettimz@answers.com,131.72,Louisiana
829,Austin,Drewell,adrewelln0@google.nl,30.84,Oklahoma
830,Merrili,Ascroft,mascroftn1@home.pl,226.68,District of Columbia
831,Forster,Riedel,friedeln2@woothemes.com,182.79,District of Columbia
832,Tadeas,Swaile,tswailen3@hostgator.com,238.61,Georgia
833,Annemarie,Cloughton,acloughtonn4@hugedomains.com,63.13,Florida
834,Willard,Seckom,wseckomn5@delicious.com,63.06,California
835,Lila,Stansbury,lstansburyn6@mozilla.com,220.26,Florida
836,Jan,Toal,jtoaln7@uiuc.edu,189.03,District of Columbia
837,Ivory,Pickworth,ipickworthn8@pen.io,33.68,California
838,Ronnica,Reimers,rreimersn9@simplemachines.org,209.04,Ohio
839,Christyna,Aylen,caylenna@bloomberg.com,246.0,Missouri
840,Jarrid,Wakley,jwakleynb@delicious.com,54.82,California
841,Rance,Figurski,rfigurskinc@technorati.com,227.4,Utah
842,Joellyn,Maycock,jmaycocknd@nba.com,214.82,Texas
843,Hurlee,Dooly,hdoolyne@xing.com,186.89,Connecticut
844,Jillane,Crates,jcratesnf@discuz.net,72.36,California
845,Devi,Message,dmessageng@vimeo.com,115.61,Texas
846,Erin,Linkie,elinkienh@zdnet.com,205.09,California
847,Maryellen,Slocombe,mslocombeni@ftc.gov,48.75,Iowa
848,Marian,Muggeridge,mmuggeridgenj@time.com,119.54,New York
849,Delores,Aggus,daggusnk@sciencedaily.com,75.53,Oklahoma
850,Layney,Rottgers,lrottgersnl@g.co,192.22,Wisconsin
851,Hebert,Klagges,hklaggesnm@squidoo.com,192.51,California
852,Saunder,Lassen,slassennn@examiner.com,127.15,Georgia
853,Sherye,Niemiec,sniemiecno@paginegialle.it,17.59,New Jersey
854,Simonette,Finders,sfindersnp@aboutads.info,74.34,District of Columbia
855,Ninette,Dearman,ndearmannq@zimbio.com,65.56,Rhode Island
856,Dalt,Templman,dtemplmannr@liveinternet.ru,99.49,Michigan
857,Billie,Paget,bpagetns@dailymail.co.uk,204.02,Tennessee
858,Shadow,Schermick,sschermicknt@chicagotribune.com,49.95,Illinois
859,Ly,Spafford,lspaffordnu@de.vu,136.41,Texas
860,Veriee,Scinelli,vscinellinv@wp.com,174.08,Maryland
861,Enrico,Chasier,echasiernw@icio.us,212.16,Oklahoma
862,Kearney,Shavel,kshavelnx@slideshare.net,166.78,Hawaii
863,Alvina,Rumble,arumbleny@yelp.com,88.47,California
864,Deny,Blagbrough,dblagbroughnz@unc.edu,115.76,Florida
865,Cori,Cudbertson,ccudbertsono0@naver.com,119.02,Texas
866,Myca,Romaines,mromaineso1@webnode.com,79.41,North Carolina
867,Pet,Ecclesall,pecclesallo2@bing.com,181.14,Texas
868,Peta,Waldera,pwalderao3@twitter.com,41.89,Tennessee
869,Buddy,Crumby,bcrumbyo4@example.com,113.13,Massachusetts
870,Shayna,Gulvin,sgulvino5@reuters.com,48.13,Tennessee
871,Mable,Millmore,mmillmoreo6@trellian.com,190.6,Texas
872,Kingsley,Bennitt,kbennitto7@t.co,174.56,Texas
873,Mallissa,Anthill,manthillo8@squidoo.com,225.46,Maryland
874,Abby,Yekel,ayekelo9@e-recht24.de,154.87,Louisiana
875,Theodosia,Piris,tpirisoa@wordpress.com,86.71,Pennsylvania
876,Matilde,Paulmann,mpaulmannob@google.nl,215.48,Michigan
877,Kym,Lapham,klaphamoc@nsw.gov.au,161.81,Pennsylvania
878,Mariya,Matuszynski,mmatuszynskiod@jiathis.com,151.01,Georgia
879,Arlene,Anthoney,aanthoneyoe@exblog.jp,36.95,California
880,Helen-elizabeth,Richardon,hrichardonof@seattletimes.com,11.88,California
881,Orbadiah,Ambrosoni,oambrosoniog@dell.com,187.74,Alabama
882,Tucker,Bawme,tbawmeoh@fc2.com,234.71,Ohio
883,Benoite,Durant,bdurantoi@bloglovin.com,241.6,Illinois
884,Allianora,Allpress,aallpressoj@e-recht24.de,41.87,North Carolina
885,Faith,Kubelka,fkubelkaok@e-recht24.de,64.04,Nevada
886,Renault,Baldery,rbalderyol@macromedia.com,96.48,Connecticut
887,Horatia,Skipping,hskippingom@vk.com,78.84,Alabama
888,Harriott,McMyler,hmcmyleron@nhs.uk,194.0,Texas
889,Dall,Aslott,daslottoo@ezinearticles.com,202.37,West Virginia
890,Karena,Casterou,kcasterouop@biblegateway.com,150.9,Kansas
891,Stanislaus,Posselow,sposselowoq@zdnet.com,145.5,California
892,Nancee,Feben,nfebenor@altervista.org,135.72,Kansas
893,Rozele,Stapele,rstapeleos@ow.ly,63.16,Indiana
894,Raffarty,Yakobovicz,ryakoboviczot@list-manage.com,26.91,Virginia
895,Geoffry,Mildenhall,gmildenhallou@nbcnews.com,120.49,South Carolina
896,Daffie,Mougel,dmougelov@ftc.gov,209.67,New York
897,Saundra,Rowan,srowanow@wufoo.com,64.52,West Virginia
898,Karlotte,Hurndall,khurndallox@hud.gov,201.37,South Carolina
899,Agna,Strute,astruteoy@home.pl,197.93,District of Columbia
900,Robbie,Errichi,rerrichioz@godaddy.com,68.37,Minnesota
901,Orv,Hamel,ohamelp0@tinyurl.com,158.41,Wisconsin
902,Sutherlan,Kerley,skerleyp1@usa.gov,178.44,California
903,Krisha,MacMakin,kmacmakinp2@netlog.com,74.72,Tennessee
904,Annice,Bernade,abernadep3@google.de,241.58,Oklahoma
905,Bradly,Fearn,bfearnp4@ning.com,111.43,Kentucky
906,Kahlil,Kelsell,kkelsellp5@yellowpages.com,107.9,Florida
907,Daveta,Irnis,dirnisp6@blinklist.com,200.86,California
908,Robinet,Carwithan,rcarwithanp7@sakura.ne.jp,127.28,Georgia
909,Teri,Culwen,tculwenp8@themeforest.net,199.86,Iowa
910,Karrie,Penning,kpenningp9@spotify.com,183.65,California
911,Helenelizabeth,Mateescu,hmateescupa@odnoklassniki.ru,206.34,Florida
912,Reeva,Goldsbury,rgoldsburypb@friendfeed.com,235.96,Florida
913,Shanie,Muck,smuckpc@desdev.cn,158.89,Florida
914,Shannen,Naulty,snaultypd@businessinsider.com,242.01,Maryland
915,Agnella,Such,asuchpe@bing.com,129.73,Minnesota
916,Cullen,Kimble,ckimblepf@cocolog-nifty.com,153.09,Pennsylvania
917,Norman,Broadberrie,nbroadberriepg@hugedomains.com,45.29,Pennsylvania
918,Emiline,Bater,ebaterph@merriam-webster.com,36.59,Colorado
919,Charissa,Weildish,cweildishpi@census.gov,78.7,Ohio
920,Forrest,Canniffe,fcanniffepj@economist.com,164.81,Nevada
921,Bobby,Osgardby,bosgardbypk@paypal.com,12.7,New York
922,Emelina,Girardoni,egirardonipl@nasa.gov,224.83,Florida
923,Gaylord,Gumb,ggumbpm@usa.gov,47.43,Illinois
924,Ambros,Dochon,adochonpn@comsenz.com,196.93,Colorado
925,Erma,Gipps,egippspo@bigcartel.com,90.24,New York
926,Saunder,Trudgian,strudgianpp@51.la,194.52,Oregon
927,Bess,Franseco,bfransecopq@1und1.de,191.23,Ohio
928,Clemmy,Thirsk,cthirskpr@wp.com,146.75,New York
929,Larina,Attride,lattrideps@ebay.co.uk,219.84,Connecticut
930,Shane,Brown,sbrownpt@csmonitor.com,218.51,Texas
931,Lorens,Ungaretti,lungarettipu@nytimes.com,223.68,California
932,Liana,Wartonby,lwartonbypv@php.net,88.01,California
933,Tristam,Hehir,thehirpw@fda.gov,172.18,Missouri
934,Martha,Shelmardine,mshelmardinepx@disqus.com,167.02,Iowa
935,Barnie,Ring,bringpy@ucsd.edu,74.53,Florida
936,Man,Kearsley,mkearsleypz@ow.ly,46.66,Georgia
937,Elysee,Pendrick,ependrickq0@elpais.com,112.64,Texas
938,Bax,Tather,btatherq1@artisteer.com,205.37,Texas
939,Andi,Rosingdall,arosingdallq2@vinaora.com,123.28,Georgia
940,Asa,Cowdrey,acowdreyq3@soup.io,247.41,Pennsylvania
941,Elvina,Crowden,ecrowdenq4@cocolog-nifty.com,186.76,West Virginia
942,Cirstoforo,Maith,cmaithq5@mail.ru,66.92,New York
943,Halsy,Pawle,hpawleq6@scientificamerican.com,64.88,North Carolina
944,Averil,Karle,akarleq7@msn.com,92.61,District of Columbia
945,Doy,Benedict,dbenedictq8@nyu.edu,197.1,Maryland
946,Jenine,Boulden,jbouldenq9@chron.com,247.76,Virginia
947,Shena,Witling,switlingqa@hatena.ne.jp,135.5,Wisconsin
948,Sandra,Roden,srodenqb@nba.com,248.24,Texas
949,Minerva,Amys,mamysqc@live.com,103.71,Florida
950,Lucius,Warrillow,lwarrillowqd@hc360.com,188.78,California
951,Bartholomeo,De Cruz,bdecruzqe@newyorker.com,146.44,New York
952,Francois,Chatt,fchattqf@weather.com,67.49,New York
953,Emilio,Nestoruk,enestorukqg@google.nl,245.51,Washington
954,Chrissie,Cortes,ccortesqh@bloomberg.com,95.31,Texas
955,Cindee,Penberthy,cpenberthyqi@sourceforge.net,242.67,Ohio
956,Frederigo,Howel,fhowelqj@bbc.co.uk,48.27,Michigan
957,Freddi,Wernher,fwernherqk@businessinsider.com,229.39,Kentucky
958,Sula,Vignaux,svignauxql@myspace.com,13.93,Texas
959,Cedric,Stoter,cstoterqm@youtu.be,161.85,Maryland
960,Nate,Blick,nblickqn@google.ru,94.61,California
961,Gifford,Valance,gvalanceqo@flickr.com,163.49,Georgia
962,Winni,Rottgers,wrottgersqp@nydailynews.com,169.75,Florida
963,Letizia,Nuzzi,lnuzziqq@nature.com,17.96,Arizona
964,Rudy,Howard,rhowardqr@ebay.com,98.02,West Virginia
965,Farr,Maidment,fmaidmentqs@nbcnews.com,199.18,Florida
966,Cathi,Clewarth,cclewarthqt@devhub.com,165.0,Georgia
967,Riobard,Di Boldi,rdiboldiqu@dagondesign.com,143.29,Arizona
968,Kay,Jeanesson,kjeanessonqv@pinterest.com,104.16,Pennsylvania
969,Philippa,Kleinzweig,pkleinzweigqw@friendfeed.com,167.45,Louisiana
970,Swen,Coo,scooqx@bluehost.com,187.67,Illinois
971,Darwin,Meysham,dmeyshamqy@mashable.com,132.46,Michigan
972,Cordelia,Davidy,cdavidyqz@fc2.com,202.16,North Carolina
973,Nealson,Emanuele,nemanueler0@senate.gov,161.74,Idaho
974,Mikey,Algy,malgyr1@msn.com,80.44,Alabama
975,Gustavus,Cromwell,gcromwellr2@wordpress.org,47.21,New York
976,Lurline,Truse,ltruser3@ft.com,199.08,Oklahoma
977,Modestine,Bartul,mbartulr4@goo.ne.jp,105.26,Indiana
978,Mylo,Smeeton,msmeetonr5@bluehost.com,50.34,Maryland
979,Maison,Jillett,mjillettr6@xing.com,246.64,Illinois
980,Claybourne,Pennycord,cpennycordr7@ask.com,238.96,Arkansas
981,Shem,Coppeard,scoppeardr8@webs.com,164.59,California
982,Daron,McCluskey,dmccluskeyr9@loc.gov,122.32,Illinois
983,Carmine,Nodin,cnodinra@disqus.com,178.65,California
984,Demetrius,Abrahmson,dabrahmsonrb@icio.us,114.77,Washington
985,Gasparo,Bru,gbrurc@timesonline.co.uk,11.52,Indiana
986,Colly,Piercey,cpierceyrd@eepurl.com,219.77,California
987,Hadley,Hansen,hhansenre@t.co,203.78,Arkansas
988,Ancell,Huddart,ahuddartrf@nps.gov,22.51,Utah
989,Connie,Oller,collerrg@comcast.net,96.77,Florida
990,Robb,Wainer,rwainerrh@hao123.com,60.38,Alabama
991,Dodie,Taffrey,dtaffreyri@sohu.com,60.81,Colorado
992,Anica,Lattka,alattkarj@usda.gov,138.13,Tennessee
993,Cord,Rizzelli,crizzellirk@earthlink.net,55.1,Ohio
994,Joye,Sherred,jsherredrl@psu.edu,205.09,Connecticut
995,Nicola,Rolls,nrollsrm@virginia.edu,245.51,Connecticut
996,Elissa,Tressler,etresslerrn@sciencedirect.com,70.3,New York
997,Zacharie,Powdrill,zpowdrillro@domainmarket.com,136.94,Colorado
998,Burty,Aucutt,baucuttrp@blogtalkradio.com,218.39,Texas
999,Aili,Hale,ahalerq@ask.com,164.54,Pennsylvania
1000,Giffard,Eagland,geaglandrr@github.com,173.33,Wyoming
